,Hit@1,Hit@3,Hit@5,MAP@5,Hit@1 차이
TF-IDF,0.23801583993330555,0.5231346394330971,0.6781992496873698,0.3785269325181825,0.0
BERT,0.24676948728636933,0.5214672780325136,0.6744476865360567,0.38294949284424357,0.008753647353063776
